Feature 1,Feature 2
-6.6659560150256185,-7.21167989729535
1.305455002794244,-1.8041268513820465
-6.4364901246448625,1.7389816159780238
-1.656723691553546,6.540352095210906
3.786908691415499,3.509142502908502
