Feature 1,Feature 2,Cluster
-6.6659560150256185,-7.21167989729535,2.0
1.305455002794244,-1.8041268513820463,3.0
-6.436490124644863,1.7389816159780238,4.0
-1.656723691553546,6.540352095210906,0.0
3.786908691415499,3.509142502908502,1.0
